{
  "config": {
    "run_mode": "full",
    "seed": 42,
    "basis_index_zero_based": 3,
    "basis_number_one_based": 4,
    "train_size": 3500,
    "val_size": 300,
    "test_size": 100,
    "batch_size": 32,
    "epochs": 60,
    "learning_rate": 0.001,
    "grad_weight": 0.1,
    "device": "cuda"
  },
  "metrics": {
    "mse": 0.00933881034143269,
    "rmse": 0.09663752036053434,
    "mae": 0.03934222504496574,
    "r2": 0.9471342116594315,
    "relative_l2": 0.22894556641578676,
    "grad_mse": 0.031159005910158157,
    "max_abs_error": 1.7934503555297852,
    "n_samples": 100
  }
}