{
  "config": {
    "run_mode": "full",
    "seed": 42,
    "basis_index_zero_based": 3,
    "basis_number_one_based": 4,
    "train_size": 3500,
    "val_size": 300,
    "test_size": 100,
    "batch_size": 32,
    "epochs": 60,
    "learning_rate": 0.001,
    "grad_weight": 0.1,
    "device": "cuda"
  },
  "metrics": {
    "mse": 0.0130077856592834,
    "rmse": 0.11405167977405418,
    "mae": 0.03922604486346245,
    "r2": 0.9264236837625504,
    "relative_l2": 0.2729930377006531,
    "grad_mse": 0.046127845644950864,
    "max_abs_error": 1.7919588088989258,
    "n_samples": 100
  }
}