{
  "config": {
    "run_mode": "full",
    "seed": 42,
    "basis_index_zero_based": 3,
    "basis_number_one_based": 4,
    "train_size": 3500,
    "val_size": 300,
    "test_size": 100,
    "batch_size": 32,
    "epochs": 60,
    "learning_rate": 0.001,
    "grad_weight": 0.1,
    "device": "cuda"
  },
  "metrics": {
    "mse": 0.009523750049993396,
    "rmse": 0.09758970258174474,
    "mae": 0.03972205966711044,
    "r2": 0.9460876882076263,
    "relative_l2": 0.23241329610347747,
    "grad_mse": 0.03212308704853058,
    "max_abs_error": 1.7712743282318115,
    "n_samples": 100
  }
}