{
  "config": {
    "run_mode": "full",
    "seed": 42,
    "basis_index_zero_based": 3,
    "basis_number_one_based": 4,
    "train_size": 3500,
    "val_size": 300,
    "test_size": 100,
    "batch_size": 32,
    "epochs": 60,
    "learning_rate": 0.001,
    "grad_weight": 0.1,
    "device": "cuda"
  },
  "metrics": {
    "mse": 0.01203769980929792,
    "rmse": 0.10971645186250747,
    "mae": 0.03701734587550163,
    "r2": 0.9318861067295074,
    "relative_l2": 0.2602021908760071,
    "grad_mse": 0.04162321552634239,
    "max_abs_error": 1.7846806049346924,
    "n_samples": 100
  }
}